Samples	Contig	Pos	Ref	Var	Score	Var_cov	Var_frac	Type	Ref_nt	Var_nt	Ref_nt_pos_change	Ref_aa_pos_change	Frameshift	Gene_ID	Locus_tag	Gene_name	Function	Upstream_feature	Downstream_feature	snpEff_type	snpEff_impact
1:PE1	NSUM01000001	544341	N	G	72548.6	2237.0	0.67	Nonsyn	acm	acC	243A>C	???81Thr		fig|287.7443.peg.544	IPC705_02740		Carbohydrate-selective porin OprB	Aldose 1-epimerase	Glucose ABC transporter, ATP-binding subunit (EC 3.6.3.-)	missense_variant	MODERATE
1:PE1	NSUM01000001	753945	N	T	95283.7	2936.0	0.88	Nonsyn	car	caA	1830C>A	???610Gln		fig|287.7443.peg.750	IPC705_03755		Rhs-family protein	hypothetical protein	Rhs-family protein	missense_variant	MODERATE
1:PE1	NSUM01000001	754038	N	T	85738.3	2583.0	0.68	Nonsyn	gcr	gcA	1737C>A	???579Ala		fig|287.7443.peg.750	IPC705_03755		Rhs-family protein	hypothetical protein	Rhs-family protein	missense_variant	MODERATE
1:PE1	NSUM01000001	754401	NGN	AGT	109291.0	3119.0	0.56	Nonsyn	rcy	ACT	1372_1374delACAinsACT	???458Thr		fig|287.7443.peg.750	IPC705_03755		Rhs-family protein	hypothetical protein	Rhs-family protein	missense_variant	MODERATE
1:PE1	NSUM01000001	754429	N	A	110973.0	3134.0	0.55	Nonsyn	cwg	cTg	1346A>T	???449Leu		fig|287.7443.peg.750	IPC705_03755		Rhs-family protein	hypothetical protein	Rhs-family protein	missense_variant	MODERATE
1:PE1	NSUM01000001	754472	N	T	111579.0	3156.0	0.55	Nonsyn	mcc	Acc	1303C>A	???435Thr		fig|287.7443.peg.750	IPC705_03755		Rhs-family protein	hypothetical protein	Rhs-family protein	missense_variant	MODERATE
1:PE1	NSUM01000001	754479	N	T	112310.0	3170.0	0.55	Nonsyn	gcr	gcA	1296C>A	???432Ala		fig|287.7443.peg.750	IPC705_03755		Rhs-family protein	hypothetical protein	Rhs-family protein	missense_variant	MODERATE
1:PE1	NSUM01000001	754491	N	C	110170.0	3117.0	0.55	Nonsyn	gtr	gtG	1284A>G	???428Val		fig|287.7443.peg.750	IPC705_03755		Rhs-family protein	hypothetical protein	Rhs-family protein	missense_variant	MODERATE
1:PE1	NSUM01000001	754527	N	A	107069.0	3059.0	0.55	Nonsyn	aay	aaT	1248A>T	???416Asn		fig|287.7443.peg.750	IPC705_03755		Rhs-family protein	hypothetical protein	Rhs-family protein	missense_variant	MODERATE
1:PE1	NSUM01000001	755026	N	T	105032.0	2976.0	0.56	Nonsyn	cra	cAa	749C>A	???250Gln		fig|287.7443.peg.750	IPC705_03755		Rhs-family protein	hypothetical protein	Rhs-family protein	missense_variant	MODERATE
1:PE1	NSUM01000001	755043	N	A	103344.0	2976.0	0.55	Nonsyn	ccy	ccT	732A>T	???244Pro		fig|287.7443.peg.750	IPC705_03755		Rhs-family protein	hypothetical protein	Rhs-family protein	missense_variant	MODERATE
1:PE1	NSUM01000001	755223	N	G	104240.0	2965.0	0.55	Nonsyn	cgy	cgC	552A>C	???184Arg		fig|287.7443.peg.750	IPC705_03755		Rhs-family protein	hypothetical protein	Rhs-family protein	missense_variant	MODERATE
1:PE1	NSUM01000001	755325	N	T	103291.0	2930.0	0.54	Nonsyn	gtr	gtA	450C>A	???150Val		fig|287.7443.peg.750	IPC705_03755		Rhs-family protein	hypothetical protein	Rhs-family protein	missense_variant	MODERATE
1:PE1	NSUM01000001	755376	N	G	105180.0	3001.0	0.54	Nonsyn	cgy	cgC	399A>C	???133Arg		fig|287.7443.peg.750	IPC705_03755		Rhs-family protein	hypothetical protein	Rhs-family protein	missense_variant	MODERATE
1:PE1	NSUM01000001	755718	N	C	45984.5	1584.0	0.81	Nonsyn	cts	ctG	57A>G	???19Leu		fig|287.7443.peg.750	IPC705_03755		Rhs-family protein	hypothetical protein	Rhs-family protein	missense_variant	MODERATE
1:PE1	NSUM01000001	755734	N	C	45125.2	1540.0	0.84	Nonsyn	gsc	gGc	41A>G	???14Gly		fig|287.7443.peg.750	IPC705_03755		Rhs-family protein	hypothetical protein	Rhs-family protein	missense_variant	MODERATE
1:PE1	NSUM01000001	755742	GCCN	GCCA	43533.8	1452.0	0.79	Nonsyn	ctyggc	ctTGGC	30A>T	???10Leu		fig|287.7443.peg.750	IPC705_03755		Rhs-family protein	hypothetical protein	Rhs-family protein	missense_variant	MODERATE
1:PE1	NSUM01000001	821787	N	T	66466.3	2202.0	0.73											Transcriptional regulator CidR, LysR family	Hypothetical flavoprotein YqcA (clustered with tRNA pseudouridine synthase C)	intergenic_region	MODIFIER
1:PE1	NSUM01000001	821891	N	G	57826.4	2024.0	0.57											Transcriptional regulator CidR, LysR family	Hypothetical flavoprotein YqcA (clustered with tRNA pseudouridine synthase C)	intergenic_region	MODIFIER
1:PE1	NSUM01000001	821901	N	T	47973.9	1697.0	0.49											Transcriptional regulator CidR, LysR family	Hypothetical flavoprotein YqcA (clustered with tRNA pseudouridine synthase C)	intergenic_region	MODIFIER
1:PE1	NSUM01000001	822006	N	T	83163.4	2526.0	0.84											Transcriptional regulator CidR, LysR family	Hypothetical flavoprotein YqcA (clustered with tRNA pseudouridine synthase C)	intergenic_region	MODIFIER
1:PE1	NSUM01000002	12	T	C	1923.72	110.0	0.96												Tyrosyl-tRNA synthetase (EC 6.1.1.1)	intergenic_region	MODIFIER
1:PE1	NSUM01000005	3301	N	C	105435.0	3210.0	0.90	Nonsyn	aar	aaG	1107A>G	???369Lys		fig|287.7443.peg.4268	IPC705_18910	ccoN	Cytochrome c oxidase (cbb3-type) subunit CcoN (EC 1.9.3.1)	Cytochrome c oxidase (cbb3-type) subunit CcoO (EC 1.9.3.1)	hypothetical protein	missense_variant	MODERATE
1:PE1	NSUM01000005	3313	N	A	97872.1	3016.0	0.87	Nonsyn	cay	caT	1095A>T	???365His		fig|287.7443.peg.4268	IPC705_18910	ccoN	Cytochrome c oxidase (cbb3-type) subunit CcoN (EC 1.9.3.1)	Cytochrome c oxidase (cbb3-type) subunit CcoO (EC 1.9.3.1)	hypothetical protein	missense_variant	MODERATE
1:PE1	NSUM01000005	3334	NAN	AAC	93530.7	2729.0	0.82	Nonsyn	rty	GTT	1072_1074delATAinsGTT	???358Val		fig|287.7443.peg.4268	IPC705_18910	ccoN	Cytochrome c oxidase (cbb3-type) subunit CcoN (EC 1.9.3.1)	Cytochrome c oxidase (cbb3-type) subunit CcoO (EC 1.9.3.1)	hypothetical protein	missense_variant	MODERATE
1:PE1	NSUM01000005	3343	N	G	97799.5	2845.0	0.81	Nonsyn	gts	gtC	1065A>C	???355Val		fig|287.7443.peg.4268	IPC705_18910	ccoN	Cytochrome c oxidase (cbb3-type) subunit CcoN (EC 1.9.3.1)	Cytochrome c oxidase (cbb3-type) subunit CcoO (EC 1.9.3.1)	hypothetical protein	missense_variant	MODERATE
1:PE1	NSUM01000005	3367	N	T	90789.7	2735.0	0.74	Nonsyn	gtr	gtA	1041C>A	???347Val		fig|287.7443.peg.4268	IPC705_18910	ccoN	Cytochrome c oxidase (cbb3-type) subunit CcoN (EC 1.9.3.1)	Cytochrome c oxidase (cbb3-type) subunit CcoO (EC 1.9.3.1)	hypothetical protein	missense_variant	MODERATE
1:PE1	NSUM01000005	3460	N	C	88705.8	2649.0	0.59	Nonsyn	gcs	gcG	948A>G	???316Ala		fig|287.7443.peg.4268	IPC705_18910	ccoN	Cytochrome c oxidase (cbb3-type) subunit CcoN (EC 1.9.3.1)	Cytochrome c oxidase (cbb3-type) subunit CcoO (EC 1.9.3.1)	hypothetical protein	missense_variant	MODERATE
1:PE1	NSUM01000005	3469	N	C	91224.0	2695.0	0.58	Nonsyn	gtr	gtG	939A>G	???313Val		fig|287.7443.peg.4268	IPC705_18910	ccoN	Cytochrome c oxidase (cbb3-type) subunit CcoN (EC 1.9.3.1)	Cytochrome c oxidase (cbb3-type) subunit CcoO (EC 1.9.3.1)	hypothetical protein	missense_variant	MODERATE
1:PE1	NSUM01000005	3497	N	C	99364.4	2872.0	0.59	Nonsyn	asc	aGc	911A>G	???304Ser		fig|287.7443.peg.4268	IPC705_18910	ccoN	Cytochrome c oxidase (cbb3-type) subunit CcoN (EC 1.9.3.1)	Cytochrome c oxidase (cbb3-type) subunit CcoO (EC 1.9.3.1)	hypothetical protein	missense_variant	MODERATE
1:PE1	NSUM01000005	3520	N	C	102796.0	2925.0	0.61	Nonsyn	tcs	tcG	888A>G	???296Ser		fig|287.7443.peg.4268	IPC705_18910	ccoN	Cytochrome c oxidase (cbb3-type) subunit CcoN (EC 1.9.3.1)	Cytochrome c oxidase (cbb3-type) subunit CcoO (EC 1.9.3.1)	hypothetical protein	missense_variant	MODERATE
1:PE1	NSUM01000005	3562	N	C	104665.0	2979.0	0.68	Nonsyn	gcr	gcG	846A>G	???282Ala		fig|287.7443.peg.4268	IPC705_18910	ccoN	Cytochrome c oxidase (cbb3-type) subunit CcoN (EC 1.9.3.1)	Cytochrome c oxidase (cbb3-type) subunit CcoO (EC 1.9.3.1)	hypothetical protein	missense_variant	MODERATE
1:PE1	NSUM01000006	208061	N	G	69290.1	2677.0	0.99	Nonsyn	gcr	gcG	846T>G	???282Ala		fig|287.7443.peg.4840	IPC705_21705	ccoN	Cytochrome c oxidase (cbb3-type) subunit CcoN (EC 1.9.3.1)	DNA-binding transcriptional regulator, MocR family / aminotransferase domain	hypothetical protein	missense_variant	MODERATE
1:PE1	NSUM01000006	208106	N	G	54027.6	2279.0	1.00	Nonsyn	ggs	ggG	891T>G	???297Gly		fig|287.7443.peg.4840	IPC705_21705	ccoN	Cytochrome c oxidase (cbb3-type) subunit CcoN (EC 1.9.3.1)	DNA-binding transcriptional regulator, MocR family / aminotransferase domain	hypothetical protein	missense_variant	MODERATE
1:PE1	NSUM01000006	208125	NN	GA	47658.3	2091.0	0.98	Nonsyn	rmc	GAc	910_911delTTinsGA	???304Asp		fig|287.7443.peg.4840	IPC705_21705	ccoN	Cytochrome c oxidase (cbb3-type) subunit CcoN (EC 1.9.3.1)	DNA-binding transcriptional regulator, MocR family / aminotransferase domain	hypothetical protein	missense_variant	MODERATE
1:PE1	NSUM01000006	208154	N	G	60577.4	2549.0	0.98	Nonsyn	gtr	gtG	939T>G	???313Val		fig|287.7443.peg.4840	IPC705_21705	ccoN	Cytochrome c oxidase (cbb3-type) subunit CcoN (EC 1.9.3.1)	DNA-binding transcriptional regulator, MocR family / aminotransferase domain	hypothetical protein	missense_variant	MODERATE
1:PE1	NSUM01000006	208163	N	G	66659.6	2689.0	0.98	Nonsyn	gcs	gcG	948T>G	???316Ala		fig|287.7443.peg.4840	IPC705_21705	ccoN	Cytochrome c oxidase (cbb3-type) subunit CcoN (EC 1.9.3.1)	DNA-binding transcriptional regulator, MocR family / aminotransferase domain	hypothetical protein	missense_variant	MODERATE
1:PE1	NSUM01000006	208256	N	C	118180.0	3509.0	0.92	Nonsyn	gts	gtC	1041T>C	???347Val		fig|287.7443.peg.4840	IPC705_21705	ccoN	Cytochrome c oxidase (cbb3-type) subunit CcoN (EC 1.9.3.1)	DNA-binding transcriptional regulator, MocR family / aminotransferase domain	hypothetical protein	missense_variant	MODERATE
1:PE1	NSUM01000006	208280	N	C	130738.0	3795.0	0.98	Nonsyn	gts	gtC	1065T>C	???355Val		fig|287.7443.peg.4840	IPC705_21705	ccoN	Cytochrome c oxidase (cbb3-type) subunit CcoN (EC 1.9.3.1)	DNA-binding transcriptional regulator, MocR family / aminotransferase domain	hypothetical protein	missense_variant	MODERATE
1:PE1	NSUM01000006	208290	N	A	130753.0	3788.0	0.98	Nonsyn	wcc	Acc	1075T>A	???359Thr		fig|287.7443.peg.4840	IPC705_21705	ccoN	Cytochrome c oxidase (cbb3-type) subunit CcoN (EC 1.9.3.1)	DNA-binding transcriptional regulator, MocR family / aminotransferase domain	hypothetical protein	missense_variant	MODERATE
1:PE1	NSUM01000006	295177	N	T	95505.3	2758.0	0.60	Nonsyn	gcy	gcT	270G>T	???90Ala		fig|287.7443.peg.4919	IPC705_22090		2-keto-3-deoxy-D-arabino-heptulosonate-7-phosphate synthase II PhzC (EC 2.5.1.54)	Phenazine biosynthesis protein PhzB	2-amino-2-deoxy-isochorismate hydrolase PhzD (EC 3.-.-.-)	missense_variant	MODERATE
1:PE1	NSUM01000006	295336	N	G	104423.0	3059.0	0.59	Nonsyn	gar	gaG	429T>G	???143Glu		fig|287.7443.peg.4919	IPC705_22090		2-keto-3-deoxy-D-arabino-heptulosonate-7-phosphate synthase II PhzC (EC 2.5.1.54)	Phenazine biosynthesis protein PhzB	2-amino-2-deoxy-isochorismate hydrolase PhzD (EC 3.-.-.-)	missense_variant	MODERATE
1:PE1	NSUM01000006	295370	N	T	99740.2	2921.0	0.59	Nonsyn	kgc	Tgc	463G>T	???155Cys		fig|287.7443.peg.4919	IPC705_22090		2-keto-3-deoxy-D-arabino-heptulosonate-7-phosphate synthase II PhzC (EC 2.5.1.54)	Phenazine biosynthesis protein PhzB	2-amino-2-deoxy-isochorismate hydrolase PhzD (EC 3.-.-.-)	missense_variant	MODERATE
1:PE1	NSUM01000006	295375	N	C	99884.5	2910.0	0.58	Nonsyn	tay	taC	468T>C	???156Tyr		fig|287.7443.peg.4919	IPC705_22090		2-keto-3-deoxy-D-arabino-heptulosonate-7-phosphate synthase II PhzC (EC 2.5.1.54)	Phenazine biosynthesis protein PhzB	2-amino-2-deoxy-isochorismate hydrolase PhzD (EC 3.-.-.-)	missense_variant	MODERATE
1:PE1	NSUM01000006	295471	N	A	104655.0	3035.0	0.58	Nonsyn	ctr	ctA	564T>A	???188Leu		fig|287.7443.peg.4919	IPC705_22090		2-keto-3-deoxy-D-arabino-heptulosonate-7-phosphate synthase II PhzC (EC 2.5.1.54)	Phenazine biosynthesis protein PhzB	2-amino-2-deoxy-isochorismate hydrolase PhzD (EC 3.-.-.-)	missense_variant	MODERATE
1:PE1	NSUM01000006	295633	N	C	74223.4	2256.0	0.59	Nonsyn	ggy	ggC	726T>C	???242Gly		fig|287.7443.peg.4919	IPC705_22090		2-keto-3-deoxy-D-arabino-heptulosonate-7-phosphate synthase II PhzC (EC 2.5.1.54)	Phenazine biosynthesis protein PhzB	2-amino-2-deoxy-isochorismate hydrolase PhzD (EC 3.-.-.-)	missense_variant	MODERATE
1:PE1	NSUM01000006	295726	N	C	104722.0	3095.0	0.59	Nonsyn	ggy	ggC	819T>C	???273Gly		fig|287.7443.peg.4919	IPC705_22090		2-keto-3-deoxy-D-arabino-heptulosonate-7-phosphate synthase II PhzC (EC 2.5.1.54)	Phenazine biosynthesis protein PhzB	2-amino-2-deoxy-isochorismate hydrolase PhzD (EC 3.-.-.-)	missense_variant	MODERATE
1:PE1	NSUM01000006	295780	N	C	102967.0	2994.0	0.56	Nonsyn	gcs	gcC	873T>C	???291Ala		fig|287.7443.peg.4919	IPC705_22090		2-keto-3-deoxy-D-arabino-heptulosonate-7-phosphate synthase II PhzC (EC 2.5.1.54)	Phenazine biosynthesis protein PhzB	2-amino-2-deoxy-isochorismate hydrolase PhzD (EC 3.-.-.-)	missense_variant	MODERATE
1:PE1	NSUM01000006	296298	N	T	122067.0	3473.0	0.58	Nonsyn	gcy	gcT	177G>T	???59Ala		fig|287.7443.peg.4920	IPC705_22095		2-amino-2-deoxy-isochorismate hydrolase PhzD (EC 3.-.-.-)	2-keto-3-deoxy-D-arabino-heptulosonate-7-phosphate synthase II PhzC (EC 2.5.1.54)	2-Amino-2-deoxy-isochorismate synthase (EC 2.6.1.86) PhzE	missense_variant	MODERATE
1:PE1	NSUM01000006	296655	N	T	107587.0	3152.0	0.57	Nonsyn	gcy	gcT	534G>T	???178Ala		fig|287.7443.peg.4920	IPC705_22095		2-amino-2-deoxy-isochorismate hydrolase PhzD (EC 3.-.-.-)	2-keto-3-deoxy-D-arabino-heptulosonate-7-phosphate synthase II PhzC (EC 2.5.1.54)	2-Amino-2-deoxy-isochorismate synthase (EC 2.6.1.86) PhzE	missense_variant	MODERATE
1:PE1	NSUM01000006	297014	N	C	115285.0	3334.0	0.57	Nonsyn	gty	gtC	273T>C	???91Val		fig|287.7443.peg.4921	IPC705_22100		2-Amino-2-deoxy-isochorismate synthase (EC 2.6.1.86) PhzE	2-amino-2-deoxy-isochorismate hydrolase PhzD (EC 3.-.-.-)	Trans-2,3-dihydro-3-hydroxyanthranilate isomerase (EC 5.3.3.17)	missense_variant	MODERATE
1:PE1	NSUM01000006	297197	N	A	118863.0	3430.0	0.58	Nonsyn	car	caA	456T>A	???152Gln		fig|287.7443.peg.4921	IPC705_22100		2-Amino-2-deoxy-isochorismate synthase (EC 2.6.1.86) PhzE	2-amino-2-deoxy-isochorismate hydrolase PhzD (EC 3.-.-.-)	Trans-2,3-dihydro-3-hydroxyanthranilate isomerase (EC 5.3.3.17)	missense_variant	MODERATE
1:PE1	NSUM01000006	297236	N	C	124631.0	3562.0	0.59	Nonsyn	agy	agC	495T>C	???165Ser		fig|287.7443.peg.4921	IPC705_22100		2-Amino-2-deoxy-isochorismate synthase (EC 2.6.1.86) PhzE	2-amino-2-deoxy-isochorismate hydrolase PhzD (EC 3.-.-.-)	Trans-2,3-dihydro-3-hydroxyanthranilate isomerase (EC 5.3.3.17)	missense_variant	MODERATE
1:PE1	NSUM01000006	297332	N	A	119460.0	3396.0	0.57	Nonsyn	cgr	cgA	591T>A	???197Arg		fig|287.7443.peg.4921	IPC705_22100		2-Amino-2-deoxy-isochorismate synthase (EC 2.6.1.86) PhzE	2-amino-2-deoxy-isochorismate hydrolase PhzD (EC 3.-.-.-)	Trans-2,3-dihydro-3-hydroxyanthranilate isomerase (EC 5.3.3.17)	missense_variant	MODERATE
1:PE1	NSUM01000006	297482	N	G	125435.0	3548.0	0.57	Nonsyn	gar	gaG	741T>G	???247Glu		fig|287.7443.peg.4921	IPC705_22100		2-Amino-2-deoxy-isochorismate synthase (EC 2.6.1.86) PhzE	2-amino-2-deoxy-isochorismate hydrolase PhzD (EC 3.-.-.-)	Trans-2,3-dihydro-3-hydroxyanthranilate isomerase (EC 5.3.3.17)	missense_variant	MODERATE
1:PE1	NSUM01000006	297602	N	G	119870.0	3403.0	0.58	Nonsyn	gtr	gtG	861T>G	???287Val		fig|287.7443.peg.4921	IPC705_22100		2-Amino-2-deoxy-isochorismate synthase (EC 2.6.1.86) PhzE	2-amino-2-deoxy-isochorismate hydrolase PhzD (EC 3.-.-.-)	Trans-2,3-dihydro-3-hydroxyanthranilate isomerase (EC 5.3.3.17)	missense_variant	MODERATE
1:PE1	NSUM01000006	297740	N	T	103820.0	3055.0	0.57	Nonsyn	gay	gaT	999G>T	???333Asp		fig|287.7443.peg.4921	IPC705_22100		2-Amino-2-deoxy-isochorismate synthase (EC 2.6.1.86) PhzE	2-amino-2-deoxy-isochorismate hydrolase PhzD (EC 3.-.-.-)	Trans-2,3-dihydro-3-hydroxyanthranilate isomerase (EC 5.3.3.17)	missense_variant	MODERATE
1:PE1	NSUM01000006	297770	N	G	106521.0	3077.0	0.57	Nonsyn	gcr	gcG	1029T>G	???343Ala		fig|287.7443.peg.4921	IPC705_22100		2-Amino-2-deoxy-isochorismate synthase (EC 2.6.1.86) PhzE	2-amino-2-deoxy-isochorismate hydrolase PhzD (EC 3.-.-.-)	Trans-2,3-dihydro-3-hydroxyanthranilate isomerase (EC 5.3.3.17)	missense_variant	MODERATE
1:PE1	NSUM01000006	297950	N	G	107153.0	3112.0	0.59	Nonsyn	gtr	gtG	1209T>G	???403Val		fig|287.7443.peg.4921	IPC705_22100		2-Amino-2-deoxy-isochorismate synthase (EC 2.6.1.86) PhzE	2-amino-2-deoxy-isochorismate hydrolase PhzD (EC 3.-.-.-)	Trans-2,3-dihydro-3-hydroxyanthranilate isomerase (EC 5.3.3.17)	missense_variant	MODERATE
1:PE1	NSUM01000006	298064	N	T	111227.0	3162.0	0.57	Nonsyn	gay	gaT	1323G>T	???441Asp		fig|287.7443.peg.4921	IPC705_22100		2-Amino-2-deoxy-isochorismate synthase (EC 2.6.1.86) PhzE	2-amino-2-deoxy-isochorismate hydrolase PhzD (EC 3.-.-.-)	Trans-2,3-dihydro-3-hydroxyanthranilate isomerase (EC 5.3.3.17)	missense_variant	MODERATE
1:PE1	NSUM01000006	298451	N	T	104519.0	3170.0	0.57	Nonsyn	aty	atT	1710G>T	???570Ile		fig|287.7443.peg.4921	IPC705_22100		2-Amino-2-deoxy-isochorismate synthase (EC 2.6.1.86) PhzE	2-amino-2-deoxy-isochorismate hydrolase PhzD (EC 3.-.-.-)	Trans-2,3-dihydro-3-hydroxyanthranilate isomerase (EC 5.3.3.17)	missense_variant	MODERATE
1:PE1	NSUM01000006	298505	N	T	111563.0	3242.0	0.58	Nonsyn	cay	caT	1764G>T	???588His		fig|287.7443.peg.4921	IPC705_22100		2-Amino-2-deoxy-isochorismate synthase (EC 2.6.1.86) PhzE	2-amino-2-deoxy-isochorismate hydrolase PhzD (EC 3.-.-.-)	Trans-2,3-dihydro-3-hydroxyanthranilate isomerase (EC 5.3.3.17)	missense_variant	MODERATE
1:PE1	NSUM01000006	299001	N	C	112064.0	3175.0	0.57	Nonsyn	aty	atC	363T>C	???121Ile		fig|287.7443.peg.4922	IPC705_22105		Trans-2,3-dihydro-3-hydroxyanthranilate isomerase (EC 5.3.3.17)	2-Amino-2-deoxy-isochorismate synthase (EC 2.6.1.86) PhzE	Pyridoxamine 5'-phosphate oxidase PhzG (EC 1.4.3.5)	missense_variant	MODERATE
1:PE1	NSUM01000006	299025	N	C	113047.0	3204.0	0.58	Nonsyn	cgm	cgC	387T>C	???129Arg		fig|287.7443.peg.4922	IPC705_22105		Trans-2,3-dihydro-3-hydroxyanthranilate isomerase (EC 5.3.3.17)	2-Amino-2-deoxy-isochorismate synthase (EC 2.6.1.86) PhzE	Pyridoxamine 5'-phosphate oxidase PhzG (EC 1.4.3.5)	missense_variant	MODERATE
1:PE1	NSUM01000006	299322	N	T	108314.0	3131.0	0.60	Nonsyn	aty	atT	684G>T	???228Ile		fig|287.7443.peg.4922	IPC705_22105		Trans-2,3-dihydro-3-hydroxyanthranilate isomerase (EC 5.3.3.17)	2-Amino-2-deoxy-isochorismate synthase (EC 2.6.1.86) PhzE	Pyridoxamine 5'-phosphate oxidase PhzG (EC 1.4.3.5)	missense_variant	MODERATE
1:PE1	NSUM01000006	299464	N	A	63808.6	2063.0	0.56	Nonsyn	rcc	Acc	826T>A	???276Thr		fig|287.7443.peg.4922	IPC705_22105		Trans-2,3-dihydro-3-hydroxyanthranilate isomerase (EC 5.3.3.17)	2-Amino-2-deoxy-isochorismate synthase (EC 2.6.1.86) PhzE	Pyridoxamine 5'-phosphate oxidase PhzG (EC 1.4.3.5)	missense_variant	MODERATE
1:PE1	NSUM01000006	299629	N	C	69096.4	2327.0	0.53	Nonsyn	tay	taC	129T>C	???43Tyr		fig|287.7443.peg.4923	IPC705_22110	pdxH	Pyridoxamine 5'-phosphate oxidase PhzG (EC 1.4.3.5)	Trans-2,3-dihydro-3-hydroxyanthranilate isomerase (EC 5.3.3.17)	FAD-dependent monooxygenase PhzS	missense_variant	MODERATE
1:PE1	NSUM01000006	299714	N	T	85044.7	2715.0	0.58	Nonsyn	ytg	Ttg	214G>T	???72Leu		fig|287.7443.peg.4923	IPC705_22110	pdxH	Pyridoxamine 5'-phosphate oxidase PhzG (EC 1.4.3.5)	Trans-2,3-dihydro-3-hydroxyanthranilate isomerase (EC 5.3.3.17)	FAD-dependent monooxygenase PhzS	missense_variant	MODERATE
1:PE1	NSUM01000006	87735	N	C	121698.0	3522.0	0.55	Nonsyn	gcy	gcC	417T>C	???139Ala		fig|287.7443.peg.4724	IPC705_21135		Aldehyde dehydrogenase (EC 1.2.1.3)	Cytochrome c550, associated with quino(hemo)protein alcohol dehydrogenase (EC 1.1.99.8)	hypothetical protein	missense_variant	MODERATE
1:PE1	NSUM01000006	87774	N	C	122435.0	3486.0	0.55	Nonsyn	cay	caC	456T>C	???152His		fig|287.7443.peg.4724	IPC705_21135		Aldehyde dehydrogenase (EC 1.2.1.3)	Cytochrome c550, associated with quino(hemo)protein alcohol dehydrogenase (EC 1.1.99.8)	hypothetical protein	missense_variant	MODERATE
1:PE1	NSUM01000006	87780	NN	CT	121086.0	3509.0	0.55	Nonsyn	ccsytg	ccCTtg	462_463delTTinsCT	??????154ProLeu		fig|287.7443.peg.4724	IPC705_21135		Aldehyde dehydrogenase (EC 1.2.1.3)	Cytochrome c550, associated with quino(hemo)protein alcohol dehydrogenase (EC 1.1.99.8)	hypothetical protein	missense_variant	MODERATE
1:PE1	NSUM01000006	87960	N	C	121559.0	3453.0	0.56	Nonsyn	aay	aaC	642T>C	???214Asn		fig|287.7443.peg.4724	IPC705_21135		Aldehyde dehydrogenase (EC 1.2.1.3)	Cytochrome c550, associated with quino(hemo)protein alcohol dehydrogenase (EC 1.1.99.8)	hypothetical protein	missense_variant	MODERATE
1:PE1	NSUM01000006	88105	N	C	130506.0	3709.0	0.56	Nonsyn	ytg	Ctg	787T>C	???263Leu		fig|287.7443.peg.4724	IPC705_21135		Aldehyde dehydrogenase (EC 1.2.1.3)	Cytochrome c550, associated with quino(hemo)protein alcohol dehydrogenase (EC 1.1.99.8)	hypothetical protein	missense_variant	MODERATE
1:PE1	NSUM01000007	118357	A	G	133041.0	3792.0	1.00	Nonsyn	gat	gGt	413A>G	Asp138Gly		fig|287.7443.peg.5087	IPC705_22940		Type IV pilin PilA	Type IV fimbrial assembly, ATPase PilB	tRNA-Thr	missense_variant	MODERATE
1:PE1	NSUM01000010	135487	N	G	87296.0	2506.0	0.53	Nonsyn	gyg	gCg	2852A>C	???951Ala		fig|287.7443.peg.1528	IPC705_27515		Pyoverdine sidechain non-ribosomal peptide synthetase PvdD @ Siderophore biosynthesis non-ribosomal peptide synthetase modules	Outer membrane ferripyoverdine receptor FpvA, TonB-dependent @ Ferric siderophore receptor, TonB dependent	Pyoverdine sidechain non-ribosomal peptide synthetase PvdJ @ Siderophore biosynthesis non-ribosomal peptide synthetase modules	missense_variant	MODERATE
1:PE1	NSUM01000010	135507	N	T	86406.7	2449.0	0.52	Nonsyn	ggr	ggA	2832C>A	???944Gly		fig|287.7443.peg.1528	IPC705_27515		Pyoverdine sidechain non-ribosomal peptide synthetase PvdD @ Siderophore biosynthesis non-ribosomal peptide synthetase modules	Outer membrane ferripyoverdine receptor FpvA, TonB-dependent @ Ferric siderophore receptor, TonB dependent	Pyoverdine sidechain non-ribosomal peptide synthetase PvdJ @ Siderophore biosynthesis non-ribosomal peptide synthetase modules	missense_variant	MODERATE
1:PE1	NSUM01000010	136272	N	C	84373.6	2502.0	0.55	Nonsyn	acr	acG	2067A>G	???689Thr		fig|287.7443.peg.1528	IPC705_27515		Pyoverdine sidechain non-ribosomal peptide synthetase PvdD @ Siderophore biosynthesis non-ribosomal peptide synthetase modules	Outer membrane ferripyoverdine receptor FpvA, TonB-dependent @ Ferric siderophore receptor, TonB dependent	Pyoverdine sidechain non-ribosomal peptide synthetase PvdJ @ Siderophore biosynthesis non-ribosomal peptide synthetase modules	missense_variant	MODERATE
1:PE1	NSUM01000010	136353	N	T	77308.5	2351.0	0.74	Nonsyn	acr	acA	1986C>A	???662Thr		fig|287.7443.peg.1528	IPC705_27515		Pyoverdine sidechain non-ribosomal peptide synthetase PvdD @ Siderophore biosynthesis non-ribosomal peptide synthetase modules	Outer membrane ferripyoverdine receptor FpvA, TonB-dependent @ Ferric siderophore receptor, TonB dependent	Pyoverdine sidechain non-ribosomal peptide synthetase PvdJ @ Siderophore biosynthesis non-ribosomal peptide synthetase modules	missense_variant	MODERATE
1:PE1	NSUM01000012	70170	NGGN	CGGA	54064.5	1741.0	0.77	Nonsyn	agyggr	agCGGA	2154_2157delTGGTinsCGGA	??????718SerGly		fig|287.7443.peg.1700			Pyoverdine sidechain non-ribosomal peptide synthetase PvdI @ Siderophore biosynthesis non-ribosomal peptide synthetase modules	FIG137594: Putative iron-regulated membrane protein		missense_variant	MODERATE
1:PE1	NSUM01000012	70200	N	C	60046.3	1886.0	0.72	Nonsyn	ggy	ggC	2184T>C	???728Gly		fig|287.7443.peg.1700			Pyoverdine sidechain non-ribosomal peptide synthetase PvdI @ Siderophore biosynthesis non-ribosomal peptide synthetase modules	FIG137594: Putative iron-regulated membrane protein		missense_variant	MODERATE
1:PE1	NSUM01000012	70254	N	T	74563.6	2194.0	0.62	Nonsyn	gay	gaT	2238G>T	???746Asp		fig|287.7443.peg.1700			Pyoverdine sidechain non-ribosomal peptide synthetase PvdI @ Siderophore biosynthesis non-ribosomal peptide synthetase modules	FIG137594: Putative iron-regulated membrane protein		missense_variant	MODERATE
1:PE1	NSUM01000012	70287	N	C	76695.7	2231.0	0.58	Nonsyn	gcs	gcC	2271T>C	???757Ala		fig|287.7443.peg.1700			Pyoverdine sidechain non-ribosomal peptide synthetase PvdI @ Siderophore biosynthesis non-ribosomal peptide synthetase modules	FIG137594: Putative iron-regulated membrane protein		missense_variant	MODERATE
1:PE1	NSUM01000012	70310	N	T	77159.6	2254.0	0.54	Nonsyn	gyc	gTc	2294G>T	???765Val		fig|287.7443.peg.1700			Pyoverdine sidechain non-ribosomal peptide synthetase PvdI @ Siderophore biosynthesis non-ribosomal peptide synthetase modules	FIG137594: Putative iron-regulated membrane protein		missense_variant	MODERATE
1:PE1	NSUM01000012	70457	N	C	48155.2	1495.0	0.51	Nonsyn	asc	aCc	2441T>C	???814Thr		fig|287.7443.peg.1700			Pyoverdine sidechain non-ribosomal peptide synthetase PvdI @ Siderophore biosynthesis non-ribosomal peptide synthetase modules	FIG137594: Putative iron-regulated membrane protein		missense_variant	MODERATE
1:PE1	NSUM01000012	70462	N	G	45249.2	1426.0	0.50	Nonsyn	rtg	Gtg	2446T>G	???816Val		fig|287.7443.peg.1700			Pyoverdine sidechain non-ribosomal peptide synthetase PvdI @ Siderophore biosynthesis non-ribosomal peptide synthetase modules	FIG137594: Putative iron-regulated membrane protein		missense_variant	MODERATE
1:PE1	NSUM01000012	70480	N	G	39561.6	1284.0	0.51	Nonsyn	rcg	Gcg	2464T>G	???822Ala		fig|287.7443.peg.1700			Pyoverdine sidechain non-ribosomal peptide synthetase PvdI @ Siderophore biosynthesis non-ribosomal peptide synthetase modules	FIG137594: Putative iron-regulated membrane protein		missense_variant	MODERATE
1:PE1	NSUM01000012	70514	N	C	40423.8	1269.0	0.52	Nonsyn	gsc	gCc	2498T>C	???833Ala		fig|287.7443.peg.1700			Pyoverdine sidechain non-ribosomal peptide synthetase PvdI @ Siderophore biosynthesis non-ribosomal peptide synthetase modules	FIG137594: Putative iron-regulated membrane protein		missense_variant	MODERATE
1:PE1	NSUM01000012	70665	N	A	83244.0	2409.0	0.53	Nonsyn	gar	gaA	2649T>A	???883Glu		fig|287.7443.peg.1700			Pyoverdine sidechain non-ribosomal peptide synthetase PvdI @ Siderophore biosynthesis non-ribosomal peptide synthetase modules	FIG137594: Putative iron-regulated membrane protein		missense_variant	MODERATE
1:PE1	NSUM01000012	70899	N	G	75603.9	2238.0	0.65	Nonsyn	gcs	gcG	2883T>G	???961Ala		fig|287.7443.peg.1700			Pyoverdine sidechain non-ribosomal peptide synthetase PvdI @ Siderophore biosynthesis non-ribosomal peptide synthetase modules	FIG137594: Putative iron-regulated membrane protein		missense_variant	MODERATE
1:PE1	NSUM01000013	76962	N	C	48522.5	1642.0	0.61											5S rRNA ## 5S ribosomal RNA		intergenic_region	MODIFIER
1:PE1	NSUM01000018	1140	N	T	86101.7	2455.0	0.52	Nonsyn	ggy	ggT	1140G>T	???380Gly		fig|287.7443.peg.1875			Pyoverdine sidechain non-ribosomal peptide synthetase PvdI @ Siderophore biosynthesis non-ribosomal peptide synthetase modules		Pyoverdine sidechain non-ribosomal peptide synthetase PvdJ @ Siderophore biosynthesis non-ribosomal peptide synthetase modules	missense_variant	MODERATE
1:PE1	NSUM01000018	381	N	G	73258.5	2206.0	0.70	Nonsyn	cts	ctG	381T>G	???127Leu		fig|287.7443.peg.1875			Pyoverdine sidechain non-ribosomal peptide synthetase PvdI @ Siderophore biosynthesis non-ribosomal peptide synthetase modules		Pyoverdine sidechain non-ribosomal peptide synthetase PvdJ @ Siderophore biosynthesis non-ribosomal peptide synthetase modules	missense_variant	MODERATE
1:PE1	NSUM01000018	407	N	C	73890.2	2217.0	0.63	Nonsyn	gyc	gCc	407T>C	???136Ala		fig|287.7443.peg.1875			Pyoverdine sidechain non-ribosomal peptide synthetase PvdI @ Siderophore biosynthesis non-ribosomal peptide synthetase modules		Pyoverdine sidechain non-ribosomal peptide synthetase PvdJ @ Siderophore biosynthesis non-ribosomal peptide synthetase modules	missense_variant	MODERATE
1:PE1	NSUM01000018	511	N	T	87676.8	2506.0	0.52	Nonsyn	ycc	Tcc	511G>T	???171Ser		fig|287.7443.peg.1875			Pyoverdine sidechain non-ribosomal peptide synthetase PvdI @ Siderophore biosynthesis non-ribosomal peptide synthetase modules		Pyoverdine sidechain non-ribosomal peptide synthetase PvdJ @ Siderophore biosynthesis non-ribosomal peptide synthetase modules	missense_variant	MODERATE
